group,n_ipos,avg_tavan_days,avg_tavan_return,post_30d_mean,post_30d_pct_positive,post_90d_mean,post_90d_pct_positive
tavan_ipos,137,6.562043795620438,1.009472630358984,0.04835679603545032,0.3722627737226277,0.21688254138671426,0.4632352941176471
no_tavan_ipos,67,0.0,0.0,,,,
