horizon_days,n_ipos,mean_return,median_return,std_return,pct_positive,pct_negative,t_stat,p_value,significant,recommendation
5,137,-0.032917004565974656,-0.06255080678442804,0.16498731877824904,0.3284671532846715,0.6642335766423357,-2.335231963629647,0.020994412308715467,True,SELL
10,137,-0.03427328912078797,-0.09341991445074116,0.24972173978547785,0.30656934306569344,0.6861313868613139,-1.6064222700705513,0.11050054063022946,False,SELL
20,137,0.011284287760246883,-0.09265739179799881,0.4248266481695484,0.38686131386861317,0.6131386861313869,0.3109014053355321,0.7563515821717256,False,HOLD
30,137,0.04835679603545032,-0.10143268655453719,0.5182571264121862,0.3722627737226277,0.6277372262773723,1.0921254284666864,0.27670887427929003,False,HOLD
60,137,0.16595744286099554,-0.033530515722497545,0.8141073885211523,0.4306569343065693,0.5693430656934306,2.3860268240126428,0.018409123799117643,True,HOLD
90,136,0.21688254138671426,-0.04214392288425156,0.9088277327657064,0.4632352941176471,0.5367647058823529,2.7829953247778914,0.006158504711528522,True,HOLD
180,131,0.4604667996342873,0.010752838155775768,1.2994323295042034,0.5190839694656488,0.48091603053435117,4.055835222652432,8.55998817838763e-05,True,HOLD
365,131,0.7261924436639253,0.2623999786376954,1.6550805309630492,0.6183206106870229,0.3816793893129771,5.0219021154536625,1.6518553481834093e-06,True,HOLD
