model,n_obs,r_squared,adj_r_squared,f_stat,f_pvalue
Model 1: Basic,204.0,0.09691909677242527,0.06466620737144035,4.659942237001382,7.519650696997818e-05
Model 2: Fundamentals,112.0,0.1929443875763105,0.11303789129673725,1.5385491275817367,0.13666462625025835
Model 3: Full,112.0,0.21760631512507256,0.10468351524621711,1.2376257400522415,0.26145202642105114
Model 4: Log-level,112.0,0.21444783060581507,0.1366703880915393,2.681298100801639,0.005955530635329273
