alpha,gamma1,gamma2,gamma2_tstat,gamma2_pvalue,herding_detected,r_squared,adj_r_squared,n_obs,newey_west_se
0.013922598869590868,0.10638808858563645,0.6450110866365353,0.43198274795058056,0.6657539520104319,False,0.09597334229153365,0.09476232198649892,1496,"{'const': 0.0005072088968604927, 'abs_rm': 0.06583482019085207, 'rm_sq': 1.4931408480931407}"
